/*
Navicat MySQL Data Transfer

Source Server         : localhost
Source Server Version : 50528
Source Host           : localhost:3306
Source Database       : forge

Target Server Type    : MYSQL
Target Server Version : 50528
File Encoding         : 65001

Date: 2019-05-15 21:03:06
*/

SET FOREIGN_KEY_CHECKS=0;

-- ----------------------------
-- Table structure for jobs
-- ----------------------------
DROP TABLE IF EXISTS `jobs`;
CREATE TABLE `jobs` (
  `id` bigint(20) unsigned NOT NULL AUTO_INCREMENT,
  `queue` varchar(191) COLLATE utf8mb4_unicode_ci NOT NULL,
  `payload` longtext COLLATE utf8mb4_unicode_ci NOT NULL,
  `attempts` tinyint(3) unsigned NOT NULL,
  `reserved_at` int(10) unsigned DEFAULT NULL,
  `available_at` int(10) unsigned NOT NULL,
  `created_at` int(10) unsigned NOT NULL,
  PRIMARY KEY (`id`),
  KEY `jobs_queue_index` (`queue`)
) ENGINE=InnoDB DEFAULT CHARSET=utf8mb4 COLLATE=utf8mb4_unicode_ci;

-- ----------------------------
-- Records of jobs
-- ----------------------------

-- ----------------------------
-- Table structure for migrations
-- ----------------------------
DROP TABLE IF EXISTS `migrations`;
CREATE TABLE `migrations` (
  `id` int(10) unsigned NOT NULL AUTO_INCREMENT,
  `migration` varchar(191) COLLATE utf8mb4_unicode_ci NOT NULL,
  `batch` int(11) NOT NULL,
  PRIMARY KEY (`id`)
) ENGINE=InnoDB AUTO_INCREMENT=9 DEFAULT CHARSET=utf8mb4 COLLATE=utf8mb4_unicode_ci;

-- ----------------------------
-- Records of migrations
-- ----------------------------
INSERT INTO `migrations` VALUES ('1', '2014_10_12_000000_create_users_table', '1');
INSERT INTO `migrations` VALUES ('2', '2014_10_12_100000_create_password_resets_table', '1');
INSERT INTO `migrations` VALUES ('3', '2018_12_04_140026_create_posts_table', '1');
INSERT INTO `migrations` VALUES ('4', '2018_12_06_085741_create_user_profiles_table', '1');
INSERT INTO `migrations` VALUES ('5', '2018_12_09_203245_create_tags_table', '1');
INSERT INTO `migrations` VALUES ('6', '2018_12_09_203725_create_post_tag_pivot', '1');
INSERT INTO `migrations` VALUES ('7', '2018_12_11_214001_restructure_posts_table', '1');
INSERT INTO `migrations` VALUES ('8', '2018_12_18_112220_create_jobs_table', '1');

-- ----------------------------
-- Table structure for password_resets
-- ----------------------------
DROP TABLE IF EXISTS `password_resets`;
CREATE TABLE `password_resets` (
  `email` varchar(191) COLLATE utf8mb4_unicode_ci NOT NULL,
  `token` varchar(191) COLLATE utf8mb4_unicode_ci NOT NULL,
  `created_at` timestamp NULL DEFAULT NULL,
  KEY `password_resets_email_index` (`email`)
) ENGINE=InnoDB DEFAULT CHARSET=utf8mb4 COLLATE=utf8mb4_unicode_ci;

-- ----------------------------
-- Records of password_resets
-- ----------------------------

-- ----------------------------
-- Table structure for posts
-- ----------------------------
DROP TABLE IF EXISTS `posts`;
CREATE TABLE `posts` (
  `id` int(10) unsigned NOT NULL AUTO_INCREMENT,
  `slug` varchar(191) COLLATE utf8mb4_unicode_ci NOT NULL,
  `title` varchar(191) COLLATE utf8mb4_unicode_ci NOT NULL COMMENT '标题',
  `subtitle` varchar(191) COLLATE utf8mb4_unicode_ci NOT NULL,
  `content_raw` text COLLATE utf8mb4_unicode_ci NOT NULL,
  `content_html` text COLLATE utf8mb4_unicode_ci NOT NULL,
  `page_image` varchar(191) COLLATE utf8mb4_unicode_ci NOT NULL,
  `meta_description` varchar(191) COLLATE utf8mb4_unicode_ci NOT NULL,
  `is_draft` tinyint(1) NOT NULL,
  `layout` varchar(191) COLLATE utf8mb4_unicode_ci NOT NULL DEFAULT 'blog.layouts.post',
  `deleted_at` timestamp NULL DEFAULT NULL,
  `published_at` timestamp NULL DEFAULT NULL,
  `created_at` timestamp NULL DEFAULT NULL,
  `updated_at` timestamp NULL DEFAULT NULL,
  PRIMARY KEY (`id`),
  UNIQUE KEY `posts_slug_unique` (`slug`)
) ENGINE=InnoDB AUTO_INCREMENT=21 DEFAULT CHARSET=utf8mb4 COLLATE=utf8mb4_unicode_ci;

-- ----------------------------
-- Records of posts
-- ----------------------------
INSERT INTO `posts` VALUES ('1', 'j860t7km5cdbbaf6b3c8d-0', 'Ea tempore culpa rerum est est vero et sapiente.', 'Molestiae non dolorum dicta eligendi qui quia quia minima repellendus.', 'Eligendi vel necessitatibus cum voluptate dolorem animi. Corrupti inventore in eos quaerat. Cum aliquam voluptas atque sed aperiam iusto est.\n\nAlias consequatur assumenda eaque consequuntur. Quasi molestiae voluptatem temporibus repellendus inventore. Non cupiditate omnis nulla totam dolor.\n\nSint aut veritatis impedit dicta. Modi sit quos amet est ut quidem. Consectetur corporis dolorem voluptate quaerat ut numquam in. Quo et placeat quo qui voluptate.', '<p>Eligendi vel necessitatibus cum voluptate dolorem animi. Corrupti inventore in eos quaerat. Cum aliquam voluptas atque sed aperiam iusto est.</p>\n\n<p>Alias consequatur assumenda eaque consequuntur. Quasi molestiae voluptatem temporibus repellendus inventore. Non cupiditate omnis nulla totam dolor.</p>\n\n<p>Sint aut veritatis impedit dicta. Modi sit quos amet est ut quidem. Consectetur corporis dolorem voluptate quaerat ut numquam in. Quo et placeat quo qui voluptate.</p>\n', 'about-bg.jpg', 'Meta for Ea tempore culpa rerum est est vero et sapiente.', '0', 'blog.layouts.post', null, '2019-04-22 05:29:32', '2019-05-15 15:08:38', '2019-05-15 15:08:38');
INSERT INTO `posts` VALUES ('2', 'kswe5ast5cdbbaf6b9263-0', 'Repellat quo sed quasi sit accusamus fuga facere.', 'Deserunt atque nihil pariatur cumque nam dolorem a minus rerum non voluptate hic sint praesentium occaecati id saepe sint quisquam voluptatum quibusdam voluptate sed quia laudantium.', 'Consequatur cum eos unde odio ut unde voluptas quos. Dignissimos exercitationem aut iure autem voluptas numquam. Veritatis voluptas id possimus libero nobis sint minima voluptates. Quaerat odit rerum provident quia soluta.\n\nDolore autem totam totam. Enim laborum neque necessitatibus aut sapiente asperiores. Dicta et excepturi pariatur nesciunt.\n\nEt perspiciatis id exercitationem. Nisi aspernatur dignissimos temporibus quisquam minus. Et accusamus omnis consectetur illo omnis. Non sint suscipit dolores qui.\n\nQui debitis omnis dolor. Ut molestiae recusandae natus. Dolores dolores et ratione sed.\n\nExpedita quo voluptatem et et est. Quidem provident necessitatibus dolor reprehenderit dolor aut fuga doloremque. Velit sed dolores omnis dolorem quod voluptatum. Facilis non deleniti in doloribus ad et.', '<p>Consequatur cum eos unde odio ut unde voluptas quos. Dignissimos exercitationem aut iure autem voluptas numquam. Veritatis voluptas id possimus libero nobis sint minima voluptates. Quaerat odit rerum provident quia soluta.</p>\n\n<p>Dolore autem totam totam. Enim laborum neque necessitatibus aut sapiente asperiores. Dicta et excepturi pariatur nesciunt.</p>\n\n<p>Et perspiciatis id exercitationem. Nisi aspernatur dignissimos temporibus quisquam minus. Et accusamus omnis consectetur illo omnis. Non sint suscipit dolores qui.</p>\n\n<p>Qui debitis omnis dolor. Ut molestiae recusandae natus. Dolores dolores et ratione sed.</p>\n\n<p>Expedita quo voluptatem et et est. Quidem provident necessitatibus dolor reprehenderit dolor aut fuga doloremque. Velit sed dolores omnis dolorem quod voluptatum. Facilis non deleniti in doloribus ad et.</p>\n', 'about-bg.jpg', 'Meta for Repellat quo sed quasi sit accusamus fuga facere.', '0', 'blog.layouts.post', null, '2019-04-30 11:04:22', '2019-05-15 15:08:38', '2019-05-15 15:08:38');
INSERT INTO `posts` VALUES ('3', 'oc9kzzyv5cdbbaf6b9792-0', 'Totam totam aliquid incidunt quia recusandae delectus hic.', 'Voluptatem similique molestiae ad voluptatem officia repudiandae repellat totam aut laboriosam possimus voluptatibus quod et consectetur quis.', 'Corporis aut aut est facilis rerum ipsam sed. Et enim rerum voluptas et quibusdam.\n\nQuae et in sint. Impedit tempore nemo rerum aperiam. Impedit in quidem tempore et.\n\nImpedit amet ut hic. Voluptatem voluptates laboriosam et iste quae qui qui. Ut vitae quasi maxime nam eligendi rerum. Quia praesentium tenetur est doloremque.', '<p>Corporis aut aut est facilis rerum ipsam sed. Et enim rerum voluptas et quibusdam.</p>\n\n<p>Quae et in sint. Impedit tempore nemo rerum aperiam. Impedit in quidem tempore et.</p>\n\n<p>Impedit amet ut hic. Voluptatem voluptates laboriosam et iste quae qui qui. Ut vitae quasi maxime nam eligendi rerum. Quia praesentium tenetur est doloremque.</p>\n', 'contact-bg.jpg', 'Meta for Totam totam aliquid incidunt quia recusandae delectus hic.', '0', 'blog.layouts.post', null, '2019-04-25 05:03:37', '2019-05-15 15:08:38', '2019-05-15 15:08:38');
INSERT INTO `posts` VALUES ('4', 'zvyasvcd5cdbbaf6b9cee-0', 'Facilis eum impedit repellendus saepe deserunt modi tenetur blanditiis accusantium iste.', 'Et et quisquam sequi est optio maxime incidunt cupiditate.', 'Incidunt quisquam et molestiae est placeat odit illum. Odit nulla odio corrupti nihil quidem.\n\nNatus tenetur rerum non quidem eaque. Ut consequatur ut sit id voluptates vero omnis. Voluptatem in dolorem tenetur officiis velit ipsam. Voluptas placeat quos velit corrupti voluptas est.\n\nExcepturi dolorem sunt dignissimos eum nesciunt enim. Dolores saepe incidunt ut. Accusantium reprehenderit perspiciatis molestias quo eligendi et ea.\n\nEsse quod rerum ex nihil nihil laudantium. Ipsa hic officia quos rerum in. Eligendi nemo ut delectus aliquam officiis.\n\nEt cumque quisquam voluptates officia. Aut quod optio quia libero. Et culpa possimus quibusdam. In culpa suscipit et esse excepturi facere officia ab. Esse iste soluta nihil ea dolor inventore.\n\nDeserunt voluptatem ut illum odio sit eos. Exercitationem a voluptatem qui. Porro quas blanditiis impedit laudantium dolor.', '<p>Incidunt quisquam et molestiae est placeat odit illum. Odit nulla odio corrupti nihil quidem.</p>\n\n<p>Natus tenetur rerum non quidem eaque. Ut consequatur ut sit id voluptates vero omnis. Voluptatem in dolorem tenetur officiis velit ipsam. Voluptas placeat quos velit corrupti voluptas est.</p>\n\n<p>Excepturi dolorem sunt dignissimos eum nesciunt enim. Dolores saepe incidunt ut. Accusantium reprehenderit perspiciatis molestias quo eligendi et ea.</p>\n\n<p>Esse quod rerum ex nihil nihil laudantium. Ipsa hic officia quos rerum in. Eligendi nemo ut delectus aliquam officiis.</p>\n\n<p>Et cumque quisquam voluptates officia. Aut quod optio quia libero. Et culpa possimus quibusdam. In culpa suscipit et esse excepturi facere officia ab. Esse iste soluta nihil ea dolor inventore.</p>\n\n<p>Deserunt voluptatem ut illum odio sit eos. Exercitationem a voluptatem qui. Porro quas blanditiis impedit laudantium dolor.</p>\n', 'home-bg.jpg', 'Meta for Facilis eum impedit repellendus saepe deserunt modi tenetur blanditiis accusantium iste.', '0', 'blog.layouts.post', null, '2019-05-09 06:15:43', '2019-05-15 15:08:38', '2019-05-15 15:08:38');
INSERT INTO `posts` VALUES ('5', 'qjvpacmo5cdbbaf6ba217-0', 'Rerum omnis voluptates minus nam nisi similique.', 'Ad hic dolorum laudantium necessitatibus in asperiores et eligendi commodi unde harum.', 'Inventore est dolorum exercitationem earum necessitatibus sed. Et sit accusantium in excepturi distinctio fugiat.\n\nEt et omnis ratione sint. Animi saepe quaerat molestiae ea. Aut maxime hic sequi sit est. Nisi quam consectetur vel veritatis velit.\n\nAb blanditiis accusantium aliquam occaecati sit occaecati eos. Consequuntur consequatur temporibus et qui numquam laborum. Atque adipisci maxime earum praesentium. Dolor ducimus aut eligendi quis iure minus iusto.\n\nRepudiandae sit adipisci pariatur. Quas vero facere et corporis ab ipsa dolores. Ratione quisquam consequatur asperiores excepturi perspiciatis id aut debitis.', '<p>Inventore est dolorum exercitationem earum necessitatibus sed. Et sit accusantium in excepturi distinctio fugiat.</p>\n\n<p>Et et omnis ratione sint. Animi saepe quaerat molestiae ea. Aut maxime hic sequi sit est. Nisi quam consectetur vel veritatis velit.</p>\n\n<p>Ab blanditiis accusantium aliquam occaecati sit occaecati eos. Consequuntur consequatur temporibus et qui numquam laborum. Atque adipisci maxime earum praesentium. Dolor ducimus aut eligendi quis iure minus iusto.</p>\n\n<p>Repudiandae sit adipisci pariatur. Quas vero facere et corporis ab ipsa dolores. Ratione quisquam consequatur asperiores excepturi perspiciatis id aut debitis.</p>\n', 'about-bg.jpg', 'Meta for Rerum omnis voluptates minus nam nisi similique.', '0', 'blog.layouts.post', null, '2019-04-18 00:23:40', '2019-05-15 15:08:38', '2019-05-15 15:08:38');
INSERT INTO `posts` VALUES ('6', 'lahtwkzm5cdbbaf6ba676-0', 'Dolor iure nam maxime.', 'Voluptatem ex provident praesentium labore dolorem ex provident ut sunt sit distinctio recusandae qui.', 'At quia sit voluptate adipisci non. Voluptates optio architecto doloremque. Eos beatae amet rerum dolorem.\n\nExcepturi et nulla inventore autem consequatur eum. Cumque consequuntur voluptatem qui asperiores ipsam. Quia ea consequatur et et.\n\nSit est et dolorem esse distinctio. Repellendus odio maiores et et expedita deserunt. Nisi voluptate voluptas est id qui iure. Debitis et quia ea labore deleniti et dolore.', '<p>At quia sit voluptate adipisci non. Voluptates optio architecto doloremque. Eos beatae amet rerum dolorem.</p>\n\n<p>Excepturi et nulla inventore autem consequatur eum. Cumque consequuntur voluptatem qui asperiores ipsam. Quia ea consequatur et et.</p>\n\n<p>Sit est et dolorem esse distinctio. Repellendus odio maiores et et expedita deserunt. Nisi voluptate voluptas est id qui iure. Debitis et quia ea labore deleniti et dolore.</p>\n', 'contact-bg.jpg', 'Meta for Dolor iure nam maxime.', '0', 'blog.layouts.post', null, '2019-04-30 19:43:59', '2019-05-15 15:08:38', '2019-05-15 15:08:38');
INSERT INTO `posts` VALUES ('7', 'xet0t5ej5cdbbaf6bab00-0', 'Itaque veniam cum sunt.', 'Sint est doloribus tempora ex molestias debitis fugiat rerum repellendus quisquam culpa porro.', 'Accusamus deserunt minus quo voluptatem. Et commodi modi sit eum aut. Aut illo voluptas nisi provident facere.\n\nDolores ipsam voluptate enim. Officiis ratione harum ut sit omnis. Blanditiis saepe quam doloribus quia.\n\nDolores fugit delectus aspernatur minima. Excepturi dolorem ab repellat nihil. Molestias autem quos provident et eaque.\n\nEt ut minima qui sapiente et nisi. Aut ipsa officiis odio a consequatur porro incidunt. Quidem rerum fugiat voluptas. Est voluptates eos aspernatur voluptas voluptate officia.', '<p>Accusamus deserunt minus quo voluptatem. Et commodi modi sit eum aut. Aut illo voluptas nisi provident facere.</p>\n\n<p>Dolores ipsam voluptate enim. Officiis ratione harum ut sit omnis. Blanditiis saepe quam doloribus quia.</p>\n\n<p>Dolores fugit delectus aspernatur minima. Excepturi dolorem ab repellat nihil. Molestias autem quos provident et eaque.</p>\n\n<p>Et ut minima qui sapiente et nisi. Aut ipsa officiis odio a consequatur porro incidunt. Quidem rerum fugiat voluptas. Est voluptates eos aspernatur voluptas voluptate officia.</p>\n', 'about-bg.jpg', 'Meta for Itaque veniam cum sunt.', '0', 'blog.layouts.post', null, '2019-05-17 09:59:04', '2019-05-15 15:08:38', '2019-05-15 15:08:38');
INSERT INTO `posts` VALUES ('8', 'wzw1ng0c5cdbbaf6bb220-0', 'Voluptates optio delectus.', 'Reprehenderit eligendi eum eaque maxime sit explicabo quod ut qui aspernatur ad at doloribus alias commodi commodi et molestias qui aut molestiae ex est et velit officia.', 'Omnis quis quod et est. Quo quia molestias possimus reprehenderit. Et ea consequatur quidem in aut. Et repellendus fuga tempore consequatur nulla.\n\nNeque nam sint quia nisi repellat. Et necessitatibus alias nihil et fugit. Facere iste ullam ut maiores pariatur consequatur. Quidem doloremque quae natus inventore aliquam.\n\nEt rerum totam recusandae. Odit nesciunt explicabo velit facere voluptatum est incidunt.\n\nQuo iusto magnam nostrum neque vel. Ratione doloremque earum sed asperiores praesentium officiis occaecati. Hic dolorum et at quasi.\n\nCommodi dicta ipsum eveniet et distinctio non. Architecto ipsum et minus deserunt aut natus maxime est. Magni fugit culpa velit sint. Sed molestiae similique odit laborum ullam ducimus. Ab qui vero excepturi et.', '<p>Omnis quis quod et est. Quo quia molestias possimus reprehenderit. Et ea consequatur quidem in aut. Et repellendus fuga tempore consequatur nulla.</p>\n\n<p>Neque nam sint quia nisi repellat. Et necessitatibus alias nihil et fugit. Facere iste ullam ut maiores pariatur consequatur. Quidem doloremque quae natus inventore aliquam.</p>\n\n<p>Et rerum totam recusandae. Odit nesciunt explicabo velit facere voluptatum est incidunt.</p>\n\n<p>Quo iusto magnam nostrum neque vel. Ratione doloremque earum sed asperiores praesentium officiis occaecati. Hic dolorum et at quasi.</p>\n\n<p>Commodi dicta ipsum eveniet et distinctio non. Architecto ipsum et minus deserunt aut natus maxime est. Magni fugit culpa velit sint. Sed molestiae similique odit laborum ullam ducimus. Ab qui vero excepturi et.</p>\n', 'about-bg.jpg', 'Meta for Voluptates optio delectus.', '0', 'blog.layouts.post', null, '2019-04-28 17:31:37', '2019-05-15 15:08:38', '2019-05-15 15:08:38');
INSERT INTO `posts` VALUES ('9', '514jhejz5cdbbaf6bb80a-0', 'Molestiae consequatur aut magni.', 'Ut odit quod error nam sit sint ratione dolorem quod quam possimus in quia sed.', 'Magni doloremque earum voluptatem vel excepturi. Aut consequatur et repellendus maxime aut.\n\nSint ut provident et nam iusto dolorum. Cupiditate reiciendis magnam aut sunt quod eaque. Cupiditate praesentium qui temporibus libero eum qui.\n\nProvident et quia quae velit aut consequatur autem. Aliquid voluptate porro nihil in laudantium. Veniam et similique provident soluta. Reprehenderit itaque sunt ipsam sed ratione.\n\nQui nihil reprehenderit debitis illum et. Aut quo aliquam ipsum eaque illum. Dignissimos reiciendis quas quod placeat ipsam accusantium labore. Temporibus et accusantium quis et impedit non.\n\nHic nam consequatur tenetur dolorum modi est ipsam. Magnam distinctio sit maiores eum. Unde laudantium possimus omnis eveniet sint non.', '<p>Magni doloremque earum voluptatem vel excepturi. Aut consequatur et repellendus maxime aut.</p>\n\n<p>Sint ut provident et nam iusto dolorum. Cupiditate reiciendis magnam aut sunt quod eaque. Cupiditate praesentium qui temporibus libero eum qui.</p>\n\n<p>Provident et quia quae velit aut consequatur autem. Aliquid voluptate porro nihil in laudantium. Veniam et similique provident soluta. Reprehenderit itaque sunt ipsam sed ratione.</p>\n\n<p>Qui nihil reprehenderit debitis illum et. Aut quo aliquam ipsum eaque illum. Dignissimos reiciendis quas quod placeat ipsam accusantium labore. Temporibus et accusantium quis et impedit non.</p>\n\n<p>Hic nam consequatur tenetur dolorum modi est ipsam. Magnam distinctio sit maiores eum. Unde laudantium possimus omnis eveniet sint non.</p>\n', 'about-bg.jpg', 'Meta for Molestiae consequatur aut magni.', '0', 'blog.layouts.post', null, '2019-04-20 02:32:21', '2019-05-15 15:08:38', '2019-05-15 15:08:38');
INSERT INTO `posts` VALUES ('10', 'ee88erdp5cdbbaf6bbd2f-0', 'Harum tempora in corrupti.', 'Sunt blanditiis id magnam et laboriosam ipsum molestiae est in.', 'Autem perferendis quasi suscipit qui unde nihil doloremque. Ab quos est fugiat quae sint. Nam in nisi vel. Neque deleniti eum voluptas possimus. Qui dignissimos possimus laudantium provident perspiciatis.\n\nBlanditiis ut consequatur est quae. Suscipit vero ducimus qui voluptatibus modi occaecati. Architecto ullam est ex aut minima molestias dolorem.\n\nEt adipisci ratione itaque fuga. Eos velit omnis minima assumenda perspiciatis sed. Ut qui deserunt impedit consectetur.\n\nNulla doloribus voluptatem quas asperiores facere officia. Quia expedita eos eaque asperiores eveniet aut. Magni in dolor debitis in. Illum magnam debitis officiis aperiam.', '<p>Autem perferendis quasi suscipit qui unde nihil doloremque. Ab quos est fugiat quae sint. Nam in nisi vel. Neque deleniti eum voluptas possimus. Qui dignissimos possimus laudantium provident perspiciatis.</p>\n\n<p>Blanditiis ut consequatur est quae. Suscipit vero ducimus qui voluptatibus modi occaecati. Architecto ullam est ex aut minima molestias dolorem.</p>\n\n<p>Et adipisci ratione itaque fuga. Eos velit omnis minima assumenda perspiciatis sed. Ut qui deserunt impedit consectetur.</p>\n\n<p>Nulla doloribus voluptatem quas asperiores facere officia. Quia expedita eos eaque asperiores eveniet aut. Magni in dolor debitis in. Illum magnam debitis officiis aperiam.</p>\n', 'home-bg.jpg', 'Meta for Harum tempora in corrupti.', '0', 'blog.layouts.post', null, '2019-05-12 11:38:29', '2019-05-15 15:08:38', '2019-05-15 15:08:38');
INSERT INTO `posts` VALUES ('11', 'c8x0e7sg5cdbbaf6bc221-0', 'Doloribus architecto voluptatum error officiis.', 'Minima ratione consequatur earum voluptate et suscipit voluptates natus natus quis tempore repellendus ad vitae.', 'Minima corporis eos modi sit dolores omnis dolorum quis. Debitis blanditiis est quibusdam. Ut ad ipsa molestiae nostrum nostrum.\n\nLaborum velit et dignissimos officia. Et vitae libero placeat ut. Nostrum et et eum dolorem commodi consequatur eos. Et id dignissimos a et ut.\n\nNemo reprehenderit autem fugiat repudiandae excepturi. Occaecati molestiae ducimus necessitatibus voluptatem distinctio voluptatum dolorem. Mollitia accusantium aperiam rerum assumenda et. Quaerat temporibus dicta temporibus ipsa accusantium.', '<p>Minima corporis eos modi sit dolores omnis dolorum quis. Debitis blanditiis est quibusdam. Ut ad ipsa molestiae nostrum nostrum.</p>\n\n<p>Laborum velit et dignissimos officia. Et vitae libero placeat ut. Nostrum et et eum dolorem commodi consequatur eos. Et id dignissimos a et ut.</p>\n\n<p>Nemo reprehenderit autem fugiat repudiandae excepturi. Occaecati molestiae ducimus necessitatibus voluptatem distinctio voluptatum dolorem. Mollitia accusantium aperiam rerum assumenda et. Quaerat temporibus dicta temporibus ipsa accusantium.</p>\n', 'post-bg.jpg', 'Meta for Doloribus architecto voluptatum error officiis.', '0', 'blog.layouts.post', null, '2019-04-16 16:23:08', '2019-05-15 15:08:38', '2019-05-15 15:08:38');
INSERT INTO `posts` VALUES ('12', 'jvg8ztl15cdbbaf6bc742-0', 'Repellat explicabo ea omnis necessitatibus.', 'Ratione dolorem accusamus voluptas voluptatem harum veniam ducimus dolores omnis voluptatum nemo aut eum minus tenetur molestiae fuga nihil aut id.', 'Iste maxime sit ullam aut veritatis saepe ratione magni. Quia minima molestiae aut possimus accusamus error odio. Error assumenda cumque aut et modi. Est ad est hic quod nihil.\r\n\r\nConsequatur provident repellat sit enim ut et. Amet minima iste eveniet. Laudantium et ut sunt non esse.\r\n\r\nAperiam aliquam quos aut adipisci assumenda rem culpa. Qui accusamus eius sunt praesentium impedit voluptate. Nesciunt voluptas dolorum et quia consequatur consequatur. Sint est et dolorem mollitia totam.\r\n\r\nConsequatur necessitatibus amet dolor laudantium et voluptas et. Illum sunt quam beatae natus saepe voluptatum harum. Laborum optio ipsam quos rem itaque accusamus. Et porro quia omnis culpa distinctio.', '<p>Iste maxime sit ullam aut veritatis saepe ratione magni. Quia minima molestiae aut possimus accusamus error odio. Error assumenda cumque aut et modi. Est ad est hic quod nihil.</p>\n\n<p>Consequatur provident repellat sit enim ut et. Amet minima iste eveniet. Laudantium et ut sunt non esse.</p>\n\n<p>Aperiam aliquam quos aut adipisci assumenda rem culpa. Qui accusamus eius sunt praesentium impedit voluptate. Nesciunt voluptas dolorum et quia consequatur consequatur. Sint est et dolorem mollitia totam.</p>\n\n<p>Consequatur necessitatibus amet dolor laudantium et voluptas et. Illum sunt quam beatae natus saepe voluptatum harum. Laborum optio ipsam quos rem itaque accusamus. Et porro quia omnis culpa distinctio.</p>\n', 'bg.jpg', 'Meta for Repellat explicabo ea omnis necessitatibus.', '0', 'blog.layouts.post', null, '2019-05-17 23:35:00', '2019-05-15 15:08:38', '2019-05-15 20:56:32');
INSERT INTO `posts` VALUES ('13', 'odtvfmbk5cdbbaf6bccdd-0', 'Iure accusamus et deserunt voluptas eos cum sint ab.', 'Harum tempore officia ipsa sit sed inventore doloremque quisquam accusamus sed sint saepe cumque consectetur sunt enim nihil officiis repellat.', 'Maxime consequatur accusantium ut molestias et. Fugiat tempore reiciendis est quis ipsum nisi. Nesciunt tempore et placeat est ut. Sunt mollitia aut iste minus.\n\nDolorem earum assumenda rerum qui voluptas molestiae cupiditate. Et ut qui inventore eligendi. Voluptas consequatur cupiditate doloremque non distinctio et.\n\nAssumenda itaque quidem deserunt est. Ut incidunt eveniet iste. Et nihil cum facilis corporis molestiae nisi. Non necessitatibus quos libero architecto expedita et dolorem.\n\nEt rem ad sequi excepturi. Omnis saepe velit consequatur. Deleniti veniam mollitia et maxime cumque consequuntur blanditiis. Et molestias aut autem quo vel est sed.\n\nEarum qui quasi dolores magnam alias. Ut blanditiis porro a. Officia mollitia nobis et necessitatibus neque minus deleniti.', '<p>Maxime consequatur accusantium ut molestias et. Fugiat tempore reiciendis est quis ipsum nisi. Nesciunt tempore et placeat est ut. Sunt mollitia aut iste minus.</p>\n\n<p>Dolorem earum assumenda rerum qui voluptas molestiae cupiditate. Et ut qui inventore eligendi. Voluptas consequatur cupiditate doloremque non distinctio et.</p>\n\n<p>Assumenda itaque quidem deserunt est. Ut incidunt eveniet iste. Et nihil cum facilis corporis molestiae nisi. Non necessitatibus quos libero architecto expedita et dolorem.</p>\n\n<p>Et rem ad sequi excepturi. Omnis saepe velit consequatur. Deleniti veniam mollitia et maxime cumque consequuntur blanditiis. Et molestias aut autem quo vel est sed.</p>\n\n<p>Earum qui quasi dolores magnam alias. Ut blanditiis porro a. Officia mollitia nobis et necessitatibus neque minus deleniti.</p>\n', 'contact-bg.jpg', 'Meta for Iure accusamus et deserunt voluptas eos cum sint ab.', '0', 'blog.layouts.post', null, '2019-04-17 20:44:09', '2019-05-15 15:08:38', '2019-05-15 15:08:38');
INSERT INTO `posts` VALUES ('14', 'e2bgvgve5cdbbaf6bd263-0', 'Consequuntur aspernatur porro.', 'Natus quidem quisquam non totam error voluptas omnis nulla eum quam soluta sunt praesentium perspiciatis quos voluptatem et.', 'Nisi expedita sequi exercitationem beatae nam maiores. Voluptatem repellat deleniti et et at. Unde labore esse dolores mollitia sed possimus.\n\nAut voluptate temporibus officia at dolorem. Quaerat repellendus dolor libero rerum vero impedit iure. Ut ullam excepturi rerum pariatur et.\n\nArchitecto molestiae porro quia fugit velit voluptatem sequi. Fugit nisi in rem quo rerum. Est quisquam vel dicta et quaerat voluptatem labore a. Illo consectetur animi consectetur aut enim fugit aut quod.\n\nLibero quis qui consequatur est. At repudiandae error corporis mollitia omnis nostrum minima molestiae. Quia deserunt excepturi modi dolores voluptates. Quia esse quam odio qui reprehenderit.\n\nAb suscipit velit eaque magni laudantium. Ut rerum quisquam exercitationem velit rem omnis quo ipsa. Voluptatem vitae iure inventore. Omnis fuga ea voluptate.\n\nMagni consectetur quis optio quas. Nesciunt hic sequi sequi ut odit non veniam. Sapiente molestias repudiandae saepe eius officia beatae non.', '<p>Nisi expedita sequi exercitationem beatae nam maiores. Voluptatem repellat deleniti et et at. Unde labore esse dolores mollitia sed possimus.</p>\n\n<p>Aut voluptate temporibus officia at dolorem. Quaerat repellendus dolor libero rerum vero impedit iure. Ut ullam excepturi rerum pariatur et.</p>\n\n<p>Architecto molestiae porro quia fugit velit voluptatem sequi. Fugit nisi in rem quo rerum. Est quisquam vel dicta et quaerat voluptatem labore a. Illo consectetur animi consectetur aut enim fugit aut quod.</p>\n\n<p>Libero quis qui consequatur est. At repudiandae error corporis mollitia omnis nostrum minima molestiae. Quia deserunt excepturi modi dolores voluptates. Quia esse quam odio qui reprehenderit.</p>\n\n<p>Ab suscipit velit eaque magni laudantium. Ut rerum quisquam exercitationem velit rem omnis quo ipsa. Voluptatem vitae iure inventore. Omnis fuga ea voluptate.</p>\n\n<p>Magni consectetur quis optio quas. Nesciunt hic sequi sequi ut odit non veniam. Sapiente molestias repudiandae saepe eius officia beatae non.</p>\n', 'post-bg.jpg', 'Meta for Consequuntur aspernatur porro.', '0', 'blog.layouts.post', null, '2019-05-15 14:12:09', '2019-05-15 15:08:38', '2019-05-15 15:08:38');
INSERT INTO `posts` VALUES ('15', 'bqgqufek5cdbbaf6bd876-0', 'Laboriosam quia quia voluptatem eos deserunt.', 'Hic eum voluptates ratione enim ad doloribus aut aliquid.', 'Aut tempora maxime et assumenda vitae dolorum explicabo autem. Enim nulla placeat alias sunt voluptates est. Quis praesentium omnis iusto voluptas minima quo.\n\nExercitationem aut voluptas molestiae blanditiis. Fugit ut quisquam quia corrupti. Dolorem quo quas doloremque quam ducimus. Consequatur nemo earum commodi veritatis possimus.\n\nVoluptatibus corporis saepe adipisci aut nobis harum. Animi sed porro ipsam sequi.\n\nImpedit explicabo dolores optio rerum aliquam quidem qui. Ut temporibus repellendus distinctio assumenda at. Quidem esse blanditiis ducimus voluptas ducimus. Corporis eos perspiciatis fugit commodi.\n\nNeque repellat iure doloribus possimus pariatur in ducimus. Similique consequatur molestiae natus minima odio. Aperiam et corrupti cum. Quod ut nam maxime excepturi ut deserunt aliquid.', '<p>Aut tempora maxime et assumenda vitae dolorum explicabo autem. Enim nulla placeat alias sunt voluptates est. Quis praesentium omnis iusto voluptas minima quo.</p>\n\n<p>Exercitationem aut voluptas molestiae blanditiis. Fugit ut quisquam quia corrupti. Dolorem quo quas doloremque quam ducimus. Consequatur nemo earum commodi veritatis possimus.</p>\n\n<p>Voluptatibus corporis saepe adipisci aut nobis harum. Animi sed porro ipsam sequi.</p>\n\n<p>Impedit explicabo dolores optio rerum aliquam quidem qui. Ut temporibus repellendus distinctio assumenda at. Quidem esse blanditiis ducimus voluptas ducimus. Corporis eos perspiciatis fugit commodi.</p>\n\n<p>Neque repellat iure doloribus possimus pariatur in ducimus. Similique consequatur molestiae natus minima odio. Aperiam et corrupti cum. Quod ut nam maxime excepturi ut deserunt aliquid.</p>\n', 'post-bg.jpg', 'Meta for Laboriosam quia quia voluptatem eos deserunt.', '0', 'blog.layouts.post', null, '2019-05-11 21:47:25', '2019-05-15 15:08:38', '2019-05-15 15:08:38');
INSERT INTO `posts` VALUES ('16', 'teurwc2e5cdbbaf6bdea4-0', 'Maiores pariatur labore voluptatem consectetur blanditiis aliquam non.', 'Earum harum dolorem ipsam sed labore ut dolores dolorum minus quae et voluptates qui similique iste asperiores quia porro.', 'Quae voluptatem dolore cum ab sint voluptates. Accusantium doloribus repellendus possimus dolore cum id aut. Non nihil ducimus repellat suscipit dolores. Iure architecto ex minima et totam eum esse.\n\nAut voluptas distinctio eligendi vero. Sit sint debitis officiis et. Voluptas hic aut minima accusamus eos eligendi nemo. Voluptas voluptates omnis consequuntur dolores.\n\nNecessitatibus tenetur iure impedit voluptatum consequuntur. Aut voluptates in dolorum odit perspiciatis. Quos saepe voluptas maiores pariatur est et deleniti. Molestiae quas dolor quia adipisci atque.\n\nNecessitatibus consequatur dolorum eum eos consequatur facilis et facilis. Blanditiis voluptate fugit reiciendis quis ipsam id. Sed id neque et est nobis fuga.', '<p>Quae voluptatem dolore cum ab sint voluptates. Accusantium doloribus repellendus possimus dolore cum id aut. Non nihil ducimus repellat suscipit dolores. Iure architecto ex minima et totam eum esse.</p>\n\n<p>Aut voluptas distinctio eligendi vero. Sit sint debitis officiis et. Voluptas hic aut minima accusamus eos eligendi nemo. Voluptas voluptates omnis consequuntur dolores.</p>\n\n<p>Necessitatibus tenetur iure impedit voluptatum consequuntur. Aut voluptates in dolorum odit perspiciatis. Quos saepe voluptas maiores pariatur est et deleniti. Molestiae quas dolor quia adipisci atque.</p>\n\n<p>Necessitatibus consequatur dolorum eum eos consequatur facilis et facilis. Blanditiis voluptate fugit reiciendis quis ipsam id. Sed id neque et est nobis fuga.</p>\n', 'about-bg.jpg', 'Meta for Maiores pariatur labore voluptatem consectetur blanditiis aliquam non.', '0', 'blog.layouts.post', null, '2019-05-17 06:00:43', '2019-05-15 15:08:38', '2019-05-15 15:08:38');
INSERT INTO `posts` VALUES ('17', '8qpi05fy5cdbbaf6be467-0', 'Nostrum ut veritatis sapiente qui harum nemo.', 'Et qui aspernatur consequatur ad provident ut accusantium rerum unde porro aut.', 'Ipsam debitis voluptatibus cupiditate odit et. Recusandae autem qui omnis et ea. Earum porro delectus cumque reprehenderit enim aut est. Magnam et occaecati reprehenderit similique architecto.\n\nQuisquam vero facilis doloribus qui necessitatibus. Minima et earum nulla. Qui et fugiat dignissimos rerum dolores.\n\nEius quibusdam at repudiandae dicta totam. Temporibus sapiente ullam itaque adipisci debitis nesciunt.\n\nTemporibus explicabo libero alias quo. Velit et rerum sunt id voluptatem voluptatem.\n\nDebitis placeat beatae soluta earum odio sapiente est est. Rerum vel vitae totam iusto voluptas molestias. Neque praesentium tempore voluptatem est voluptatibus. Repellendus sunt nobis quos temporibus ut et velit.\n\nNihil eum voluptatem explicabo ea cumque et. Nesciunt ipsa illum et laudantium hic. Atque quia delectus rem laborum voluptas impedit.', '<p>Ipsam debitis voluptatibus cupiditate odit et. Recusandae autem qui omnis et ea. Earum porro delectus cumque reprehenderit enim aut est. Magnam et occaecati reprehenderit similique architecto.</p>\n\n<p>Quisquam vero facilis doloribus qui necessitatibus. Minima et earum nulla. Qui et fugiat dignissimos rerum dolores.</p>\n\n<p>Eius quibusdam at repudiandae dicta totam. Temporibus sapiente ullam itaque adipisci debitis nesciunt.</p>\n\n<p>Temporibus explicabo libero alias quo. Velit et rerum sunt id voluptatem voluptatem.</p>\n\n<p>Debitis placeat beatae soluta earum odio sapiente est est. Rerum vel vitae totam iusto voluptas molestias. Neque praesentium tempore voluptatem est voluptatibus. Repellendus sunt nobis quos temporibus ut et velit.</p>\n\n<p>Nihil eum voluptatem explicabo ea cumque et. Nesciunt ipsa illum et laudantium hic. Atque quia delectus rem laborum voluptas impedit.</p>\n', 'about-bg.jpg', 'Meta for Nostrum ut veritatis sapiente qui harum nemo.', '0', 'blog.layouts.post', null, '2019-04-17 04:27:38', '2019-05-15 15:08:38', '2019-05-15 15:08:38');
INSERT INTO `posts` VALUES ('18', 'us9nbeeu5cdbbaf6bea00-0', 'Dolore assumenda ipsa omnis.', 'Quia et voluptate vitae quasi in quibusdam vitae ratione et voluptatem et quis maiores provident commodi sit.', 'Illo temporibus eum illum tenetur veniam. Sunt sit corrupti numquam dolor. Officia modi adipisci alias similique.\n\nVel est aut non. Et tempore molestias architecto veniam officiis incidunt ex suscipit. Ut rem quidem doloremque reiciendis.\n\nEligendi libero ad qui sint magni distinctio. Cum vitae velit ullam sed et ut. Non in facere sapiente eos. Velit consectetur placeat porro minima et ut et. Voluptatum aut fugiat distinctio doloremque.\n\nVeritatis iusto sed rerum deleniti expedita. Excepturi cum ut eligendi excepturi dolorum. Blanditiis dolorem quo ea quod fugiat sit repudiandae rem.\n\nCommodi recusandae nobis enim voluptatem. Enim nesciunt maiores laudantium laboriosam repellat. Modi necessitatibus tempora aliquam est veniam sequi. Doloremque pariatur et ea enim ea.\n\nFugiat earum dolorem culpa ea dignissimos et. Non illo alias distinctio quis corporis neque voluptas. Quia ullam temporibus eligendi.', '<p>Illo temporibus eum illum tenetur veniam. Sunt sit corrupti numquam dolor. Officia modi adipisci alias similique.</p>\n\n<p>Vel est aut non. Et tempore molestias architecto veniam officiis incidunt ex suscipit. Ut rem quidem doloremque reiciendis.</p>\n\n<p>Eligendi libero ad qui sint magni distinctio. Cum vitae velit ullam sed et ut. Non in facere sapiente eos. Velit consectetur placeat porro minima et ut et. Voluptatum aut fugiat distinctio doloremque.</p>\n\n<p>Veritatis iusto sed rerum deleniti expedita. Excepturi cum ut eligendi excepturi dolorum. Blanditiis dolorem quo ea quod fugiat sit repudiandae rem.</p>\n\n<p>Commodi recusandae nobis enim voluptatem. Enim nesciunt maiores laudantium laboriosam repellat. Modi necessitatibus tempora aliquam est veniam sequi. Doloremque pariatur et ea enim ea.</p>\n\n<p>Fugiat earum dolorem culpa ea dignissimos et. Non illo alias distinctio quis corporis neque voluptas. Quia ullam temporibus eligendi.</p>\n', 'about-bg.jpg', 'Meta for Dolore assumenda ipsa omnis.', '0', 'blog.layouts.post', null, '2019-05-08 10:31:49', '2019-05-15 15:08:38', '2019-05-15 15:08:38');
INSERT INTO `posts` VALUES ('19', 'f4ln4caz5cdbbaf6befb0-0', 'Fugiat aliquam veniam et quia officia.', 'Porro quia possimus et voluptatum dolorum temporibus modi enim aut sequi libero et quod rerum velit sed qui vel sequi enim quas.', 'Enim consequatur porro consequatur eum. Libero aperiam quasi dolor aut tempore. Commodi animi suscipit assumenda labore. Voluptas dolor perferendis aut doloremque qui ea et. Praesentium dolorum et eos dolorum nobis blanditiis.\n\nNobis vitae est tempore repudiandae. Aut ullam vel maxime molestiae ad mollitia. Laboriosam non aut sed nihil magni. Et omnis veniam voluptate quos voluptas ullam vero.\n\nBlanditiis sint veritatis magni est nisi placeat cum. Autem nostrum facilis velit necessitatibus velit. Non doloremque placeat rerum ullam similique quia labore.\n\nSunt optio soluta nulla nobis aut. Ullam possimus quis possimus et maxime. Voluptas veniam rerum nam nostrum tempora aut.', '<p>Enim consequatur porro consequatur eum. Libero aperiam quasi dolor aut tempore. Commodi animi suscipit assumenda labore. Voluptas dolor perferendis aut doloremque qui ea et. Praesentium dolorum et eos dolorum nobis blanditiis.</p>\n\n<p>Nobis vitae est tempore repudiandae. Aut ullam vel maxime molestiae ad mollitia. Laboriosam non aut sed nihil magni. Et omnis veniam voluptate quos voluptas ullam vero.</p>\n\n<p>Blanditiis sint veritatis magni est nisi placeat cum. Autem nostrum facilis velit necessitatibus velit. Non doloremque placeat rerum ullam similique quia labore.</p>\n\n<p>Sunt optio soluta nulla nobis aut. Ullam possimus quis possimus et maxime. Voluptas veniam rerum nam nostrum tempora aut.</p>\n', 'contact-bg.jpg', 'Meta for Fugiat aliquam veniam et quia officia.', '0', 'blog.layouts.post', null, '2019-04-19 14:17:31', '2019-05-15 15:08:38', '2019-05-15 15:08:38');
INSERT INTO `posts` VALUES ('20', 'cdzirtyo5cdbbaf6bf4bd-0', 'Quis odit numquam.', 'Doloribus ea incidunt amet rerum dolores modi dolores quibusdam non cupiditate et rem cum quasi rerum vel quas.', 'Nostrum sequi earum animi. Quo in non minus nesciunt doloribus eaque ut assumenda. Et est in consequatur maiores voluptatem voluptatem deleniti. Culpa pariatur dolores magnam qui corporis qui.\n\nEx est dolorem natus possimus. Laboriosam quidem sunt fugiat est et. Et esse ullam deserunt deserunt. Consectetur dignissimos in exercitationem a vel sequi.\n\nMaxime voluptatum est ullam autem. Ipsam asperiores modi nihil facere. Non hic architecto nam unde.', '<p>Nostrum sequi earum animi. Quo in non minus nesciunt doloribus eaque ut assumenda. Et est in consequatur maiores voluptatem voluptatem deleniti. Culpa pariatur dolores magnam qui corporis qui.</p>\n\n<p>Ex est dolorem natus possimus. Laboriosam quidem sunt fugiat est et. Et esse ullam deserunt deserunt. Consectetur dignissimos in exercitationem a vel sequi.</p>\n\n<p>Maxime voluptatum est ullam autem. Ipsam asperiores modi nihil facere. Non hic architecto nam unde.</p>\n', 'contact-bg.jpg', 'Meta for Quis odit numquam.', '0', 'blog.layouts.post', null, '2019-04-26 14:46:10', '2019-05-15 15:08:38', '2019-05-15 15:08:38');

-- ----------------------------
-- Table structure for post_tag_pivot
-- ----------------------------
DROP TABLE IF EXISTS `post_tag_pivot`;
CREATE TABLE `post_tag_pivot` (
  `id` int(10) unsigned NOT NULL AUTO_INCREMENT,
  `post_id` int(10) unsigned NOT NULL,
  `tag_id` int(10) unsigned NOT NULL,
  `created_at` timestamp NULL DEFAULT NULL,
  `updated_at` timestamp NULL DEFAULT NULL,
  PRIMARY KEY (`id`),
  KEY `post_tag_pivot_post_id_index` (`post_id`),
  KEY `post_tag_pivot_tag_id_index` (`tag_id`)
) ENGINE=InnoDB AUTO_INCREMENT=20 DEFAULT CHARSET=utf8mb4 COLLATE=utf8mb4_unicode_ci;

-- ----------------------------
-- Records of post_tag_pivot
-- ----------------------------
INSERT INTO `post_tag_pivot` VALUES ('1', '3', '1', null, null);
INSERT INTO `post_tag_pivot` VALUES ('2', '3', '2', null, null);
INSERT INTO `post_tag_pivot` VALUES ('3', '4', '4', null, null);
INSERT INTO `post_tag_pivot` VALUES ('4', '6', '2', null, null);
INSERT INTO `post_tag_pivot` VALUES ('5', '7', '5', null, null);
INSERT INTO `post_tag_pivot` VALUES ('6', '8', '5', null, null);
INSERT INTO `post_tag_pivot` VALUES ('7', '9', '1', null, null);
INSERT INTO `post_tag_pivot` VALUES ('8', '9', '2', null, null);
INSERT INTO `post_tag_pivot` VALUES ('9', '10', '2', null, null);
INSERT INTO `post_tag_pivot` VALUES ('10', '10', '5', null, null);
INSERT INTO `post_tag_pivot` VALUES ('11', '11', '2', null, null);
INSERT INTO `post_tag_pivot` VALUES ('12', '12', '3', null, null);
INSERT INTO `post_tag_pivot` VALUES ('13', '13', '2', null, null);
INSERT INTO `post_tag_pivot` VALUES ('14', '13', '5', null, null);
INSERT INTO `post_tag_pivot` VALUES ('15', '14', '1', null, null);
INSERT INTO `post_tag_pivot` VALUES ('16', '18', '2', null, null);
INSERT INTO `post_tag_pivot` VALUES ('17', '18', '3', null, null);
INSERT INTO `post_tag_pivot` VALUES ('18', '19', '3', null, null);
INSERT INTO `post_tag_pivot` VALUES ('19', '20', '2', null, null);

-- ----------------------------
-- Table structure for tags
-- ----------------------------
DROP TABLE IF EXISTS `tags`;
CREATE TABLE `tags` (
  `id` int(10) unsigned NOT NULL AUTO_INCREMENT,
  `tag` varchar(191) COLLATE utf8mb4_unicode_ci NOT NULL,
  `title` varchar(191) COLLATE utf8mb4_unicode_ci NOT NULL,
  `subtitle` varchar(191) COLLATE utf8mb4_unicode_ci NOT NULL,
  `page_image` varchar(191) COLLATE utf8mb4_unicode_ci NOT NULL,
  `meta_description` varchar(191) COLLATE utf8mb4_unicode_ci NOT NULL,
  `layout` varchar(191) COLLATE utf8mb4_unicode_ci NOT NULL DEFAULT 'blog.layouts.index',
  `reverse_direction` tinyint(1) NOT NULL,
  `created_at` timestamp NULL DEFAULT NULL,
  `updated_at` timestamp NULL DEFAULT NULL,
  PRIMARY KEY (`id`),
  UNIQUE KEY `tags_tag_unique` (`tag`)
) ENGINE=InnoDB AUTO_INCREMENT=6 DEFAULT CHARSET=utf8mb4 COLLATE=utf8mb4_unicode_ci;

-- ----------------------------
-- Records of tags
-- ----------------------------
INSERT INTO `tags` VALUES ('1', 'facere', 'Facere', 'Molestiae quis magnam a omnis et sequi possimus.', 'contact-bg.jpg', 'Meta for facere', 'blog.layouts.index', '0', '2019-05-15 15:08:38', '2019-05-15 15:08:38');
INSERT INTO `tags` VALUES ('2', 'distinctio', 'Distinctio', 'Cumque temporibus libero voluptate pariatur nisi deserunt.', 'post-bg.jpg', 'Meta for distinctio', 'blog.layouts.index', '0', '2019-05-15 15:08:38', '2019-05-15 15:08:38');
INSERT INTO `tags` VALUES ('3', 'dolor', 'Dolor', 'Id est repellendus quas iste quibusdam in a.', 'about-bg.jpg', 'Meta for dolor', 'blog.layouts.index', '0', '2019-05-15 15:08:38', '2019-05-15 15:08:38');
INSERT INTO `tags` VALUES ('4', 'nam', 'Nam', 'Repellendus et et ipsa aut quia temporibus voluptatem.', 'post-bg.jpg', 'Meta for nam', 'blog.layouts.index', '0', '2019-05-15 15:08:38', '2019-05-15 15:08:38');
INSERT INTO `tags` VALUES ('5', 'ipsam', 'Ipsam', 'Excepturi numquam aspernatur tempore omnis.', 'home-bg.jpg', 'Meta for ipsam', 'blog.layouts.index', '0', '2019-05-15 15:08:38', '2019-05-15 15:08:38');

-- ----------------------------
-- Table structure for users
-- ----------------------------
DROP TABLE IF EXISTS `users`;
CREATE TABLE `users` (
  `id` int(10) unsigned NOT NULL AUTO_INCREMENT,
  `name` varchar(191) COLLATE utf8mb4_unicode_ci NOT NULL,
  `email` varchar(191) COLLATE utf8mb4_unicode_ci NOT NULL,
  `email_verified_at` timestamp NULL DEFAULT NULL,
  `password` varchar(191) COLLATE utf8mb4_unicode_ci NOT NULL,
  `remember_token` varchar(100) COLLATE utf8mb4_unicode_ci DEFAULT NULL,
  `created_at` timestamp NULL DEFAULT NULL,
  `updated_at` timestamp NULL DEFAULT NULL,
  PRIMARY KEY (`id`),
  UNIQUE KEY `users_email_unique` (`email`)
) ENGINE=InnoDB AUTO_INCREMENT=3 DEFAULT CHARSET=utf8mb4 COLLATE=utf8mb4_unicode_ci;

-- ----------------------------
-- Records of users
-- ----------------------------
INSERT INTO `users` VALUES ('2', '杨宇杰', '615851120@qq.com', null, '$2y$10$87jzIVj.bC71P9T7ggpqF.THh4JcBlDtM7e8h/3ZLs5ZM5PM.FASG', 'ixei1wER44SKc6mEpAQP8Lwv2OGIUMqClAU2juTW0y01WAwy27JVpteFhIwz', '2019-05-15 17:57:46', '2019-05-15 17:57:46');

-- ----------------------------
-- Table structure for user_profiles
-- ----------------------------
DROP TABLE IF EXISTS `user_profiles`;
CREATE TABLE `user_profiles` (
  `id` int(10) unsigned NOT NULL AUTO_INCREMENT,
  `created_at` timestamp NULL DEFAULT NULL,
  `updated_at` timestamp NULL DEFAULT NULL,
  PRIMARY KEY (`id`)
) ENGINE=InnoDB DEFAULT CHARSET=utf8mb4 COLLATE=utf8mb4_unicode_ci;

-- ----------------------------
-- Records of user_profiles
-- ----------------------------
